t_block_1	T_block_1	t_water_in	T_water_in	t_block_2	T_block_2	t_water_out	T_water_out	t_amb	T_amb	t_flow	V_flow	t_block_prob	V_block_prob
7.445854663848877	19.424951596462535	8.989469051361084	19.224304895699685	10.535606622695923	19.833565861625438	12.077434062957764	19.828924619970316	13.605223655700684	23.948974074837235	1.2710068225860596	3.25165847	2.821826934814453	0.0166576287
21.311463356018066	19.439091166224383	22.851293087005615	19.244967738205528	24.374658346176147	19.844938555478112	25.910037755966187	19.83331101820188	27.454987287521362	23.876827751600963	15.148814916610718	3.23445878	16.6994206905365	0.0166594201
35.137205600738525	19.44496529949101	36.668638706207275	19.2412201964152	38.19427227973938	19.844712028609937	39.75689768791199	19.817381988306412	41.29970693588257	24.153164024378587	28.979709148406982	3.26388619	30.523308038711548	0.0166526952
49.05505847930908	19.43518623863664	50.600465059280396	19.251667521167647	52.13186287879944	19.85683634603431	53.679885387420654	19.829081644865095	55.226057291030884	23.998641763939094	42.851837158203125	3.25381751	44.41284704208374	0.0166544887
62.91748857498169	19.441745078573533	64.4376380443573	19.246630455387645	65.9629807472229	19.85871033476829	67.49998188018799	19.849363549332534	69.04783606529236	23.994296433542583	56.75995659828186	3.23380122	58.30748987197876	0.0166531443
76.74468898773193	19.455457426801246	78.28363704681396	19.265883097421035	79.81973600387573	19.875836178533667	81.36046314239502	19.86134369920503	82.90930914878845	23.810566756317336	70.59171199798584	3.23437973	72.133859872818	0.0166531433
90.6183876991272	19.458718848740965	92.15674090385437	19.25845227080729	93.69010543823242	19.88546862372578	95.22760653495789	19.843419795550542	96.77380061149597	23.768455913062393	84.44507956504822	3.24436686	86.00173592567444	0.0166522471
104.52018737792969	19.47094856789173	106.07060718536377	19.270647389602217	107.6144871711731	19.898766601948754	109.15196895599365	19.856308642993486	110.70442652702332	23.56678417575318	98.3189868927002	3.23449828	99.87438130378723	0.0166517979
118.41470980644226	19.485773077283365	119.95701169967651	19.283859298773937	121.50234246253967	19.902944410213927	123.02780795097351	19.860115825698784	124.56872940063477	23.912156281105727	112.24519729614258	3.24440202	113.78170609474182	0.0166513508
132.30254411697388	19.476722370611625	133.83176970481873	19.274986999950467	135.3690893650055	19.91037847471631	136.9125533103943	19.86887052895354	138.45162343978882	23.964188157753906	126.09727358818054	3.23446443	127.6374351978302	0.0166571763
146.16992330551147	19.482511628186774	147.70406675338745	19.273105471177598	149.2412838935852	19.91800043026576	150.76865243911743	19.88843145725577	152.3060064315796	24.113212789434975	140.00247049331665	3.22435186	141.5375406742096	0.0166491103
160.02382612228394	19.49264864401749	161.5589964389801	19.29028897732354	163.09662318229675	19.93091214512986	164.6367905139923	19.898105050757767	166.1789608001709	23.909782501820754	153.85517144203186	3.24175909	155.40526866912842	0.0166508995
173.88008522987366	19.48814644625524	175.4169430732727	19.293825568095162	176.95191621780396	19.941643544710267	178.49859833717346	19.911531679699927	180.0357723236084	23.676967483150673	167.70740962028503	3.22411822	169.25046467781067	0.0166495562
187.74482989311218	19.509728214510496	189.29122638702393	19.299050675220723	190.83103346824646	19.94302583015853	192.3724205493927	19.963343020505757	193.89951467514038	23.761751862863015	181.56915259361267	3.21376143	183.11416792869568	0.0166468665
201.60237622261047	19.5127708828506	203.1348922252655	19.299611796016904	204.68060326576233	19.94733484921293	206.22993755340576	19.987397543041077	207.76399111747742	24.012110684647677	195.4440414905548	3.21421271	196.97242546081543	0.0166486568
215.45729422569275	19.51825901791756	217.00259852409363	19.314121205012913	218.53913831710815	19.952959214714376	220.08846831321716	20.002324341989485	221.6325261592865	23.827235208800623	209.29559326171875	3.22117173	210.84196281433105	0.0166495509
229.366544008255	19.515553562059516	230.90897798538208	19.31530780538001	232.45689249038696	19.96225933837457	233.9990680217743	20.0079743098879	235.53324794769287	23.578380346576747	223.1830027103424	3.24409116	224.72994136810303	0.0166526855
243.29173040390015	19.528277714234314	244.83136415481567	19.315693901107807	246.3672001361847	19.961119026236684	247.91364192962646	20.01700393152257	249.46101355552673	23.790323282157516	237.09383821487427	3.22360971	238.63781762123108	0.0166473071
257.1704294681549	19.535330972271332	258.7187671661377	19.323536809573937	260.26494550704956	19.97128914941455	261.79326009750366	20.01844537278722	263.3297791481018	23.904460177277745	251.00348901748657	3.2131591	252.5299117565155	0.0166522342
271.07500314712524	19.520753393124103	272.6297092437744	19.312553658189763	274.1913802623749	19.968313537113502	275.74254417419434	20.037467162746516	277.2921872138977	24.092907109894398	264.87141823768616	3.21441809	266.4148118495941	0.0166535775
285.03300738334656	19.540458748984424	286.5845572948456	19.327060594920457	288.13179659843445	20.095296098119483	289.6833186149597	20.19884595923741	291.23281741142273	24.138876264519627	278.82161474227905	3.23450561	280.37256383895874	0.0174028244
298.9450640678406	19.541153779377687	300.493616104126	19.343091453695774	302.03717064857483	20.174461251065804	303.5834000110626	20.26237849467557	305.1320297718048	23.944280705462376	292.77047848701477	3.23346533	294.30106258392334	0.0228827954
312.82232189178467	19.58270388625479	314.3688380718231	19.36229364559554	315.9039113521576	20.451335213502425	317.45539712905884	20.510389493983755	318.9987208843231	23.85830376296971	306.6656324863434	3.23665162	308.2038450241089	0.0328165654
326.71830892562866	19.585854714137156	328.2631404399872	19.36009284921565	329.7973563671112	20.4921717528567	331.34968852996826	20.518067323877546	332.8972280025482	23.740727239296987	320.5500614643097	3.22417926	322.0925693511963	0.0328188102
340.6149079799652	19.602355394273207	342.15093302726746	19.357184197862075	343.68921399116516	20.519359403901344	345.22588443756104	20.46233320201375	346.76628589630127	23.656061289529635	334.43103432655334	3.21545357	335.97093081474304	0.0328147793
354.49315881729126	19.607290159280776	356.02916526794434	19.381364733600435	357.58011269569397	20.54384465755832	359.11678886413574	20.471871843095006	360.65924525260925	24.069717381527603	348.3110101222992	3.218175	349.86211109161377	0.0328147751
368.36752223968506	19.622434265456356	369.9133915901184	19.390162868781676	371.4517197608948	20.57383565323165	372.9963138103485	20.513568211687915	374.53735399246216	23.95867779984514	362.21660923957825	3.22451049	363.75914883613586	0.0328102855
382.2913317680359	19.651363340293553	383.82603645324707	19.414191879294712	385.36919689178467	20.585500609310635	386.90681552886963	20.552330754376822	388.4476134777069	24.031045897537798	376.09169340133667	3.20405617	377.63411378860474	0.0328058023
396.1700930595398	19.651577000649013	397.70869874954224	19.42495674466314	399.2584767341614	20.599729240621453	400.7957091331482	20.58824697685859	402.3339743614197	24.13789694276576	389.9999568462372	3.21378715	391.5425691604614	0.0328107336
410.05223321914673	19.684048238301617	411.59687328338623	19.458901612030736	413.13883781433105	20.62864488600888	414.6690661907196	20.64195998795153	416.2053484916687	24.077157805667714	403.86804032325745	3.20385428	405.40274357795715	0.0328058044
423.9394314289093	19.699774160671833	425.4666678905487	19.45445351704318	426.9976661205292	20.62861399855544	428.53699469566345	20.65446693258624	430.09523463249207	23.648658676331067	417.75823068618774	3.18415748	419.3056914806366	0.0328084931
437.8273961544037	19.695276995367305	439.3743679523468	19.459733056429524	440.9094648361206	20.637386050593502	442.4754264354706	20.665221053895415	444.0291154384613	23.875923076105444	431.6376864910126	3.21350487	433.1865894794464	0.0328040077
451.73952746391296	19.709641149913097	453.2792992591858	19.47837239810827	454.8121325969696	20.655179925667667	456.3529450893402	20.70576441367655	457.8951966762543	23.907447381481358	445.572466135025	3.21207315	447.12232661247253	0.0328031094
465.62371802330017	19.734423152237397	467.16162037849426	19.49402839242419	468.7171206474304	20.68494823189126	470.2578158378601	20.734629949714392	471.79704189300537	23.93930897170413	459.4409911632538	3.21012186	460.9944920539856	0.0327995224
479.52219581604004	19.760729034705804	481.0706715583801	19.499848568148714	482.61509466171265	20.683751314214103	484.1518876552582	20.714948621528603	485.69859790802	24.23381789967617	473.33530139923096	3.22422331	474.8899850845337	0.0327968358
493.4344177246094	19.760021127133893	494.99303340911865	19.51678401655255	496.5569398403168	20.69674756015476	498.101722240448	20.776698668531843	499.64080023765564	24.002667500882204	487.2445285320282	3.21191345	488.7889666557312	0.0327995224
507.3650572299957	19.770966658112464	508.9074537754059	19.544713881029182	510.4555416107178	20.721566529049667	511.9865617752075	20.781646180287996	513.5215129852295	23.7675512146543	501.18648886680603	3.22368647	502.7288091182709	0.0327968337
521.2552897930145	19.79087296198038	522.7919435501099	19.558931144248604	524.3523485660553	20.733772780595448	525.8980631828308	20.79050385949385	527.4320116043091	24.03497879379432	515.0643563270569	3.21369042	516.612847328186	0.0327914585
535.1551516056061	19.79227589967652	536.7046589851379	19.565034565017484	538.2427053451538	20.75299869185162	539.7896518707275	20.794676587094525	541.3394601345062	24.04980570225975	528.9799270629883	3.21332297	530.5266525745392	0.0327954894
549.0873992443085	19.801344789572976	550.6363124847412	19.559631325468718	552.1813788414001	20.769220797451386	553.729165315628	20.825590125454188	555.29399061203	24.212033532804185	542.8780825138092	3.2145154	544.4357678890228	0.0327936969
562.9934272766113	19.835488770606762	564.5327973365784	19.579877409492173	566.0792324542999	20.77280656762934	567.6213178634644	20.84694088985878	569.1590521335602	24.07808817940059	556.8369431495667	3.20692616	558.3717823028564	0.0327932488
576.8844246864319	19.825508683601452	578.4212193489075	19.59680539578685	579.9553680419922	20.784101922635127	581.4910020828247	20.883483001994893	583.0400547981262	23.943819357853297	570.7027635574341	3.19436467	572.2491216659546	0.0327963856
590.7880067825317	19.844009280403803	592.324376821518	19.611815626772742	593.8570966720581	20.815622764844466	595.4063053131104	20.901009149916725	596.9547693729401	24.052712827510778	584.5991215705872	3.21335303	586.1462788581848	0.0327927965
604.665937423706	19.852408786534607	606.2080729007721	19.61403974805775	607.7364301681519	20.830908480756857	609.2636516094208	20.92181017440672	610.8084578514099	24.097528023406785	598.488630771637	3.20397469	600.0377292633057	0.0327936948
618.514404296875	19.872466618092975	620.0488920211792	19.633112120419824	621.5915818214417	20.84288128593178	623.1339776515961	20.94005512025324	624.6795389652252	24.09706670553864	612.3472571372986	3.19392238	613.8985466957092	0.0327919024
632.3804485797882	19.87365844924654	633.9315047264099	19.631683429127012	635.4775743484497	20.84175633746642	637.0039162635803	20.957414719331776	638.5473108291626	24.215126077141814	626.2291302680969	3.19506352	627.7691459655762	0.0327914543
646.2742927074432	19.87794955278225	647.8142595291138	19.640953192398786	649.3505306243896	20.854892804359064	650.9009337425232	20.971414831482388	652.4515337944031	23.8744590992707	640.0856175422668	3.19491161	641.637654542923	0.0327887614
660.1802551746368	19.898174552251515	661.7283489704132	19.658928977233067	663.2656195163727	20.85550805631859	664.8013341426849	20.99788884842309	666.3352031707764	24.163207175173444	653.9884521961212	3.19239195	655.5417218208313	0.0327901015
674.0338017940521	19.921653092627285	675.5730049610138	19.676104187860975	677.1195821762085	20.862873080827967	678.6721603870392	21.01201304424619	680.1963679790497	23.94160798097468	667.8832960128784	3.19434686	669.4320213794708	0.0327950286
687.8961043357849	19.92299677693301	689.432765007019	19.675648550486844	690.9716165065765	20.90345994608902	692.5076005458832	21.038176489732518	694.04816365242	23.737175446110566	681.7343173027039	3.19410036	683.2755310535431	0.0327945847
701.7767312526703	19.933233982024532	703.3236668109894	19.687610962002907	704.8633787631989	20.92564861878397	706.4027171134949	21.052017972480048	707.9500579833984	23.680581152850646	695.5812621116638	3.19425606	697.127099275589	0.0327936906
715.6710410118103	19.941404154416684	717.2154808044434	19.70599862760719	718.756587266922	20.945072721309497	720.3091442584991	21.079655083188925	721.8476903438568	23.94553072508843	709.499783039093	3.18834276	711.0394349098206	0.0327977257
729.5763244628906	19.960408583182762	731.1171708106995	19.704878841482127	732.6651699542999	20.940075715802404	734.2079544067383	21.1114537357512	735.7584638595581	23.95209009598212	723.3985993862152	3.19462779	724.9423265457153	0.0327932383
743.4925487041473	19.955407161070116	745.039915561676	19.71069400606934	746.5748777389526	20.958678790227793	748.1230573654175	21.15049380017256	749.6705615520477	23.869051658050086	737.3075797557831	3.19541267	738.8519999980927	0.0327936864
757.417468547821	19.972982878567564	758.9606552124023	19.73229427518195	760.5120193958282	20.952682832580567	762.0475940704346	21.158416795578983	763.5971176624298	24.041470893135273	751.2185554504395	3.1940287	752.7776029109955	0.0327923378
771.3070664405823	19.98194829607221	772.8339953422546	19.74207886887837	774.3878428936005	20.983309139264797	775.933102607727	21.18267530686569	777.460022687912	24.31811235925185	765.1322479248047	3.18872349	766.6872849464417	0.0327914437
785.1895201206207	20.001207216704284	786.7506687641144	19.743834483023043	788.2957832813263	20.969934487981593	789.8411393165588	21.249502334978136	791.3907916545868	24.03073404898984	779.0079324245453	3.19297901	780.5473034381866	0.0327959206
799.1439409255981	20.008615239238317	800.6872453689575	19.75067674163161	802.2368364334106	20.981571326790377	803.7713987827301	21.295604742196975	805.2997853755951	23.901369873888036	792.9464735984802	3.17812298	794.4912326335907	0.0327941282
813.0287163257599	20.015971756035356	814.5796673297882	19.761326251227423	816.1392819881439	20.993465741496358	817.6902029514313	21.35049260053075	819.2303810119629	23.999327325325325	806.8481349945068	3.18774286	808.3866121768951	0.0327918855
826.9388589859009	20.02214935772289	828.4909918308258	19.775317064552194	830.0276618003845	21.008686658901667	831.5651428699493	21.396141939946734	833.1102576255798	23.638193980247152	820.7713096141815	3.19112069	822.3151650428772	0.0327900973
840.8509123325348	20.012769692315498	842.3926231861115	19.769303720985842	843.931533575058	21.005561101569924	845.4852709770203	21.483812448165253	847.0232124328613	23.654055985527187	834.6503624916077	3.19435744	836.2043890953064	0.0327905412
854.7486279010773	20.037850685712	856.2869443893433	19.797099943407247	857.8422467708588	21.032978252674535	859.3797392845154	21.529565144481356	860.9231512546539	24.004378823330377	848.5762689113617	3.18591549	850.1180782318115	0.0327914332
868.6643648147583	20.029963999371848	870.1942708492279	19.793681411233802	871.737508058548	21.020141103400636	873.2809896469116	21.554840872350983	874.8421387672424	23.95432465953915	862.4742631912231	3.17338069	864.0227539539337	0.0327918792
882.5761325359344	20.050622737280023	884.1330690383911	19.801913686232385	885.7002847194672	21.029744492586033	887.236424446106	21.585793268027434	888.7883062362671	23.934659399480545	876.3953161239624	3.21374758	877.9351003170013	0.0327932193
896.5030159950256	20.051533920962274	898.0492770671844	19.79990581540462	899.5921244621277	21.01930435084393	901.1432061195374	21.616019682897246	902.6852583885193	23.778804519244705	890.345278263092	3.17913319	891.8854539394379	0.0327896302
910.3983039855957	20.069090872753783	911.9518518447876	19.811484526730855	913.4969480037689	21.050076653354132	915.0453219413757	21.661668891084283	916.6065788269043	23.90936496388864	904.2366194725037	3.19349136	905.7795913219452	0.0327918708
924.3227622509003	20.083463753031896	925.8643519878387	19.81531491724735	927.4081423282623	21.060033028456363	928.959792137146	21.696107057193224	930.5171504020691	23.769471443314124	918.1424379348755	3.1743854	919.6946856975555	0.032788288
938.2426040172577	20.08276879102548	939.788099527359	19.82288044444971	941.3238003253937	21.062831745448428	942.8595604896545	21.71260893786341	944.4065897464752	23.82337159765365	932.058286190033	3.17492472	933.6070306301117	0.0327909767
952.1351718902588	20.093641065660364	953.6708791255951	19.832832221426113	955.2216501235962	21.0557152417206	956.7765126228333	21.727562931891857	958.3263304233551	23.806076805369035	945.9525640010834	3.19831081	947.5119030475616	0.0327918729
966.0489099025726	20.093020749982422	967.5824704170227	19.833771795694055	969.1168737411499	21.066444082714806	970.6666784286499	21.739529249833637	972.2084808349609	23.618122907525574	959.8741035461426	3.19470216	961.4276671409607	0.0327905286
979.9483020305634	20.104124637944373	981.4959208965302	19.852189982588964	983.0348074436188	21.08386996625056	984.5809309482574	21.733198379105314	986.1100039482117	23.81163640529841	973.7535619735718	3.18849022	975.2979164123535	0.032792767
993.8452970981598	20.115344310360324	995.3789410591125	19.843450685588643	996.9221985340118	21.0785556628491	998.4486908912659	21.776164988573555	999.991192817688	24.069562748316297	987.6572184562683	3.18411375	989.2023437023163	0.0327900762
1007.672666311264	20.133925277117374	1009.2212133407593	19.869375062799897	1010.7746803760529	21.099545237012123	1012.3154423236847	21.786673591848523	1013.8465049266815	24.14076016957833	1001.5219945907593	3.20407943	1003.0641419887543	0.0327855909
1021.5483584403992	20.114860416178406	1023.0945348739624	19.85582212646595	1024.6334562301636	21.084415816568956	1026.1837422847748	21.826238097206094	1027.7129755020142	23.744562555631223	1015.3883612155914	3.2216842	1016.9278512001038	0.0327891716
1035.4339776039124	20.13494968533369	1036.9735946655273	19.86385350225741	1038.5173254013062	21.10291822720141	1040.0430674552917	21.839191060646716	1041.5840508937836	24.057792556845946	1029.244880437851	3.19426695	1030.802684545517	0.0327896134
1049.317059993744	20.129997518125425	1050.8602714538574	19.87104053880707	1052.4152870178223	21.112246781445645	1053.961151599884	21.875528458266917	1055.5043346881866	23.888812744530544	1043.135659456253	3.20403224	1044.6866521835327	0.0327869226
1063.2126250267029	20.137770667184576	1064.7394106388092	19.88600661889614	1066.2698407173157	21.11636135775224	1067.81494140625	21.88229472368009	1069.3439910411835	24.193060737305238	1057.036453485489	3.18388423	1058.589379787445	0.032788269
1077.069083929062	20.142516912514807	1078.6027736663818	19.89592476235633	1080.1469686031342	21.1177002715979	1081.6811339855194	21.884831751816208	1083.2235474586487	23.964904657965548	1070.886658191681	3.20375287	1072.4349973201752	0.0327873707
1090.9541499614716	20.14998116843374	1092.4889295101166	19.878706351520478	1094.0523166656494	21.11477526165731	1095.5952434539795	21.91860901818145	1097.128357887268	23.98059544060135	1084.7641270160675	3.19486501	1086.30708527565	0.0327860264
1104.8535590171814	20.164675413486002	1106.4002537727356	19.90004594372656	1107.9516413211823	21.12826486655073	1109.4964818954468	21.92607072170458	1111.0365631580353	24.087543954589272	1098.6679475307465	3.19070164	1100.219839334488	0.0327936401
1118.767781496048	20.15583416403393	1120.3161928653717	19.916808616211828	1121.8596119880676	21.159822700926533	1123.3849444389343	21.91903657867454	1124.9331126213074	23.990043877351273	1112.5754752159119	3.18880723	1114.1219274997711	0.0327837837
1132.6589982509613	20.15566943605007	1134.2051718235016	19.911101802003284	1135.7495007514954	21.165049797941045	1137.2786929607391	21.939119044366752	1138.8140861988068	23.972610887116378	1126.475890636444	3.18860134	1128.0193185806274	0.0327851259
1146.5281164646149	20.17827314002589	1148.0611169338226	19.923431801021273	1149.603735923767	21.190992463260844	1151.1350202560425	21.97239405801963	1152.6738460063934	24.130562329784304	1140.358680009842	3.19235159	1141.9071457386017	0.0327819892
1160.3746366500854	20.173949052355947	1161.9098634719849	19.926209260872113	1163.4529078006744	21.147960099655528	1164.9968891143799	21.97481518157443	1166.5445618629456	24.282947845908012	1154.2158727645874	3.19372061	1155.7625510692596	0.032786018
1174.2520241737366	20.190321364178494	1175.8007802963257	19.93404997078016	1177.3368401527405	21.14681169636179	1178.8994097709656	22.015072752566795	1180.4505536556244	24.161622229985905	1168.0789926052094	3.16330123	1169.6297278404236	0.03278691
1188.1789383888245	20.200621914654523	1189.7137541770935	19.944292280968828	1191.2599153518677	21.18027029332676	1192.8109033107758	22.089035243342593	1194.3673346042633	24.209889367811968	1181.996678352356	3.19492627	1183.5410306453705	0.0327842213
1202.0792078971863	20.20766653164946	1203.6239137649536	19.94592682528144	1205.174762248993	21.18832221283977	1206.699753522873	22.11860118614389	1208.2476732730865	24.003682954430666	1195.906406879425	3.18370221	1197.4495146274567	0.0327887024
1215.9556562900543	20.21427358617499	1217.5005586147308	19.950954007616176	1219.0441575050354	21.17452299765281	1220.5920622348785	22.11357865681609	1222.1164984703064	24.15169247003302	1209.7880673408508	3.18396749	1211.3358070850372	0.0327819807
1229.8173360824585	20.236156343410205	1231.3533914089203	19.970748597293174	1232.8974251747131	21.17956475482664	1234.4340255260468	22.104733856428396	1235.9736244678497	23.965451053661315	1223.657884836197	3.18790737	1225.1969377994537	0.032784661
1243.6849257946014	20.227495393334106	1245.2188966274261	19.955085401700465	1246.750649690628	21.180205919360905	1248.297105550766	22.097091889245682	1249.8401508331299	23.677024188384717	1237.5193858146667	3.17639159	1239.0747740268707	0.0327833146
1257.5790855884552	20.22437590405213	1259.128490447998	19.971515666456078	1260.671584367752	21.19960064399709	1262.2166032791138	22.11988901436517	1263.7579193115234	23.845313457672642	1251.388370513916	3.18933864	1252.934000492096	0.0327815242
1271.4830131530762	20.215315991783317	1273.004935503006	19.967461522850165	1274.5368022918701	21.20907923143104	1276.0710258483887	22.103366183705198	1277.6064553260803	24.156759150484998	1265.2980349063873	3.18350333	1266.8477909564972	0.0327824162
1285.315630197525	20.23656558266523	1286.8512201309204	19.971798812726448	1288.401064157486	21.22106853773692	1289.949669122696	22.11138934950468	1291.490472793579	24.175649618969533	1279.1466596126556	3.18545441	1280.6941406726837	0.0327806238
1299.2141346931458	20.23773410216047	1300.762124300003	19.987986997849486	1302.3137052059174	21.216260958052782	1303.8501644134521	22.1209167013438	1305.3835673332214	24.05330043751963	1293.0370743274689	3.20323886	1294.5787770748138	0.0327837627
1313.104650259018	20.235533476067705	1314.643813610077	19.964290276686864	1316.1870849132538	21.227972219247025	1317.7350361347198	22.156107936204787	1319.2828934192657	24.571857306906665	1306.9347298145294	3.19461381	1308.4834954738617	0.0327824204
1327.0113756656647	20.238220556251385	1328.5528180599213	19.981088564802125	1330.0841960906982	21.21935099135619	1331.6224164962769	22.19420463400267	1333.1704549789429	24.667860635715165	1320.828126192093	3.13476316	1322.3768947124481	0.0327819681
1340.8870251178741	20.256633720047933	1342.4302072525024	19.993479988182578	1343.9800658226013	21.25696751994295	1345.5253007411957	22.250699665866755	1347.0700693130493	24.667017849415195	1334.7148113250732	3.07267665	1336.2702414989471	0.0327864471
1354.7718060016632	20.25865674597066	1356.31445479393	19.999351345960175	1357.857455253601	21.28067918683652	1359.3932993412018	22.274156567236364	1360.9365265369415	24.61186893751472	1348.6218485832214	3.01387057	1350.1600813865662	0.0327864429
1368.659292936325	20.290067642188973	1370.1993553638458	19.99618271957036	1371.7590823173523	21.285033746929635	1373.3057055473328	22.276245465217972	1374.8559818267822	24.833080748408566	1362.4746000766754	2.95446839	1364.0253520011902	0.0327868952
1382.5522456169128	20.28199615237566	1384.0892527103424	20.013660298935903	1385.6188521385193	21.2973326752038	1387.1501343250275	22.32583067004178	1388.6870546340942	24.837761681524405	1376.3955738544464	2.88348785	1377.9415218830109	0.0327927144
1396.3742187023163	20.265835138138502	1397.8970782756805	20.017768410310936	1399.4335477352142	21.309407656207448	1400.9685807228088	22.316519395263548	1402.5032014846802	24.450446861073853	1390.2158234119415	2.90214631	1391.7667639255524	0.0327882333
1410.2139945030212	20.281877756757346	1411.7527339458466	20.02253545725648	1413.3003594875336	21.323769504842648	1414.8451895713806	22.3971844051185	1416.395190000534	24.3723371055031	1404.0340831279755	2.7830725	1405.5683059692383	0.0327792731
1424.098289012909	20.27169830255413	1425.6325614452362	20.019629413120576	1427.172977924347	21.31184377959288	1428.7014410495758	22.391811315002936	1430.2433242797852	24.22754778198846	1417.9347314834595	2.76239816	1419.4710688591003	0.0327824099
1437.9598643779755	20.288438416512864	1439.5213062763214	20.03469498480667	1441.0615031719208	21.327029715683604	1442.6047768592834	22.415624530191387	1444.1501622200012	24.189396057650566	1431.7940425872803	2.80205021	1433.3341975212097	0.0327873391
1451.9008524417877	20.305080703510427	1453.4560556411743	20.026324377148065	1454.9916841983795	21.32644256824411	1456.5552158355713	22.449460493128395	1458.0975785255432	24.33337135546509	1445.7005755901337	2.78889078	1447.2511594295502	0.0327985419
1465.8380687236786	20.296509902293977	1467.3795523643494	20.018144214601037	1468.911506652832	21.32413260858268	1470.4491202831268	22.45305636129052	1471.992158651352	24.122294764429615	1459.6581711769104	2.78815284	1461.2001485824585	0.0327828538
1479.6875920295715	20.287038260314922	1481.218416929245	20.020375873004795	1482.7632901668549	21.348648727203788	1484.317034959793	22.517126006070356	1485.8656055927277	23.976242341873892	1473.5245583057404	2.7637028	1475.0727610588074	0.032788229
1493.5876286029816	20.299366836540212	1495.1307373046875	20.043232870540024	1496.674124956131	21.38163786420825	1498.2255244255066	22.535008013955885	1499.7838816642761	24.057663695244223	1487.3985641002655	2.76447006	1488.9445991516113	0.0327873286
1507.5046467781067	20.281254892831967	1509.0467035770416	20.022646139110474	1510.581772327423	21.41872494139968	1512.1243073940277	22.629786252039235	1513.673287153244	24.199390163915012	1501.3136458396912	2.67329882	1502.8708872795105	0.0327855383
1521.3600578308105	20.30459167893449	1522.894567489624	20.03477477827542	1524.4347796440125	21.669838624603464	1525.9777116775513	22.946971854514675	1527.501238822937	24.267438846314715	1515.1994798183441	2.37453321	1516.7458460330963	0.0327918118
1535.2194731235504	20.29726917766404	1536.7570469379425	20.018841768969565	1538.2935309410095	21.711462793148545	1539.8423480987549	23.221658510140706	1541.3902900218964	24.0797221313989	1529.0476009845734	1.86480483	1530.6020188331604	0.0327940503
1549.101499080658	20.26765740385391	1550.6321740150452	19.96789911329644	1552.1575264930725	21.692302902009306	1553.7073957920074	23.317441823105327	1555.2542271614075	24.311074304997558	1542.929482460022	1.78470211	1544.4847497940063	0.0328025644
1562.9908638000488	20.288626305108487	1564.5288333892822	19.983832496367274	1566.0789458751678	21.730957592681293	1567.6175985336304	23.335606768319707	1569.1621460914612	24.310780515828103	1556.802315235138	1.75453211	1558.3455324172974	0.0327976331
1576.8870646953583	20.262754272809246	1578.43141579628	19.962642874387676	1579.9692738056183	21.70976546924337	1581.5128829479218	23.42538708888549	1583.0608713626862	24.33070921327022	1570.7147250175476	1.73518446	1572.2598776817322	0.0328003217
1590.7613883018494	20.28202703818892	1592.3227407932281	19.972789824396294	1593.8700392246246	21.75178921574316	1595.4233849048615	23.478902434179844	1596.965657711029	24.27865439567604	1584.610196352005	1.74511998	1586.1474974155426	0.032797185
1604.67729306221	20.30720152573036	1606.2179963588715	20.006458215196293	1607.7426176071167	21.81439267974947	1609.2688448429108	23.635755654800008	1610.8198931217194	24.40579052735258	1598.5106103420258	1.66296975	1600.0576865673065	0.0327998694
1618.5482339859009	20.273209134947827	1620.0903842449188	19.978223649514728	1621.6417198181152	21.830812456694836	1623.182463169098	23.76716459136359	1624.7292368412018	24.31683669584629	1612.375715970993	1.63570038	1613.9145596027374	0.0327935959
1632.4657330513	20.313715845956796	1633.9975378513336	19.97973719012589	1635.5474290847778	21.82517692852471	1637.0954413414001	23.72648139552837	1638.6291689872742	23.802385866606325	1626.2779881954193	1.62470362	1627.8328266143799	0.0327922515
1646.3536779880524	20.322664990167688	1647.8886034488678	19.996993538313273	1649.4361202716827	21.825182079828732	1651.001409292221	23.802749290171736	1652.5685338974	24.07345692529074	1640.1791353225708	1.63496637	1641.7256319522858	0.0327962866
1660.3008506298065	20.3489538949104	1661.8479399681091	19.97405625946107	1663.3920545578003	21.817408765253486	1664.9387063980103	24.00064174690067	1666.5054264068604	24.20731224540852	1654.1165788173676	1.60255662	1655.667324066162	0.0327926975
1674.241822719574	20.30369599178141	1675.7865495681763	19.987799093058968	1677.3293793201447	21.833527195777776	1678.8806943893433	24.118617134562644	1680.4273326396942	24.160127484380055	1668.0548257827759	1.61555354	1669.5993294715881	0.0327962803
1688.1522612571716	20.330836840962395	1689.6979320049286	19.99158035206655	1691.2462656497955	21.83185559639203	1692.783551454544	24.195449735937565	1694.3307666778564	24.099656785384926	1681.978698015213	1.62495994	1683.5196194648743	0.0327931456
1702.0566263198853	20.32241790425685	1703.606189250946	19.973129599726786	1705.1499910354614	21.83564953497542	1706.694320678711	24.32879442954511	1708.248191356659	24.294601491494266	1695.8656854629517	1.63378494	1697.4196577072144	0.0328003133
1715.963811635971	20.31199653919384	1717.5165579319	19.98214392350018	1719.0663492679596	21.838753199229963	1720.6084334850311	24.322148094346826	1722.148797750473	24.32917326293009	1709.7835836410522	1.60355043	1711.3168699741364	0.0327953799
1729.8768255710602	20.34896676396387	1731.4153349399567	20.02417766652751	1732.9362633228302	21.84972807178708	1734.4869875907898	24.09311586297584	1736.0338158607483	24.26076156945298	1723.703812122345	1.62450156	1725.2506756782532	0.032797166
1743.7747900485992	20.358708637904513	1745.3353343009949	20.008164786903702	1746.8824489116669	21.8438761788519	1748.40948843956	24.18361039410772	1749.948665857315	24.33337135546509	1737.582358598709	1.61496241	1739.127977848053	0.0327922347
1757.6965374946594	20.357802656440928	1759.2417089939117	20.011117178482603	1760.7871026992798	21.836865244023457	1762.3259658813477	24.231379950728563	1763.8557755947113	24.362587929364224	1751.5012900829315	1.63367081	1753.0480420589447	0.0327998589
1771.5579562187195	20.335420798214923	1773.0922088623047	20.016898397392797	1774.6300194263458	21.849272180381334	1776.176838874817	24.293738163257526	1777.713795185089	24.2840637304525	1765.3906767368317	1.62835652	1766.9340329170227	0.0328003133
1785.431280374527	20.354168435478268	1786.9845128059387	20.02320727028581	1788.5333850383759	21.845851707537282	1790.0679099559784	24.424920449933737	1791.6033020019531	24.392843129750652	1779.2523572444916	1.61338457	1780.8012590408325	0.0327931414
1799.3351566791534	20.358134678055112	1800.8828327655792	20.027876493986692	1802.4276978969574	21.858830449237214	1803.95689535141	24.576130338396023	1805.5023112297058	24.159382688523493	1793.1490070819855	1.62953685	1794.7033298015594	0.0327985209
1813.2309489250183	20.3572518608992	1814.781252861023	20.017982052483738	1816.3242099285126	21.85351944048327	1817.8814046382904	24.286171798524812	1819.4330365657806	23.946754970500194	1807.0474212169647	1.61449554	1808.598171710968	0.0328047965
1827.138197183609	20.356363896134688	1828.6776139736176	20.03950317991998	1830.2235617637634	21.877813070656714	1831.7650735378265	24.487312844869724	1833.319897890091	24.185654061336567	1820.9707939624786	1.63451705	1822.503800868988	0.0328007593
1841.0067887306213	20.36068789860076	1842.534384727478	20.018836620967626	1844.0894255638123	21.872213581483994	1845.6350815296173	24.30665200470137	1847.1828079223633	24.336479335766086	1834.8700947761536	1.60737609	1836.4105088710785	0.0328007551
1854.9038956165314	20.36995104587049	1856.4340851306915	20.042627986676163	1857.9723963737488	21.867296644188293	1859.5036113262177	24.319965292547476	1861.0468287467957	24.528039778414854	1848.7307088375092	1.60480517	1850.273803472519	0.0328020973
1868.783843278885	20.382112309470422	1870.3241012096405	20.048777203186997	1871.8670189380646	21.90514086406968	1873.405113697052	24.485266587792744	1874.9561767578125	24.388949121092068	1862.6020858287811	1.61553575	1864.1503570079803	0.0328052362
1882.68736743927	20.40420078872019	1884.227513551712	20.04021617161085	1885.7740259170532	21.885364914110752	1887.3242373466492	24.360572636521393	1888.8707008361816	24.510063997600813	1876.4928965568542	1.58455882	1878.039700269699	0.0328016534
1896.6071627140045	20.41390150876735	1898.1521298885345	20.048615043220735	1899.7008049488068	21.903760307648973	1901.249657869339	24.573609815972837	1902.7927403450012	24.491374436309062	1890.4182875156403	1.6327114	1891.9714782238007	0.0328016555
1910.4978058338165	20.401328409371736	1912.0307793617249	20.06038062192522	1913.5796682834625	21.922415852030593	1915.1257498264313	24.53766555955342	1916.6615767478943	24.506208559130364	1904.3285672664642	1.62092897	1905.8741776943207	0.0328003112
1924.3840463161469	20.409752513121333	1925.9251816272736	20.06469714176511	1927.4583323001862	21.92913061263378	1929.0023384094238	24.336293784697816	1930.5340490341187	24.170619041122386	1918.207957983017	1.61535985	1919.7452597618103	0.0327980707
1938.2593834400177	20.447211937700956	1939.808660030365	20.06508066046792	1941.366469860077	21.92894258903245	1942.905333995819	24.192828795632305	1944.4674096107483	24.527599080696003	1932.0819618701935	1.67255497	1933.6193659305573	0.0327998631
1952.187962770462	20.409556902943727	1953.738617181778	20.073464004800115	1955.2715055942535	21.947224663821675	1956.8054094314575	24.202763621578057	1958.3511686325073	24.366286069698955	1946.0054631233215	1.58349032	1947.5494589805603	0.0328012011
1966.0898659229279	20.45771059560814	1967.6374599933624	20.064720307325945	1969.173738002777	21.927971563037158	1970.7207419872284	24.29217644105389	1972.251440525055	24.127070265179363	1959.8943450450897	1.5942283	1961.4316890239716	0.0328016471
1979.9626290798187	20.425030708969814	1981.5067830085754	20.06441143316401	1983.0385468006134	21.939265857309433	1984.591719865799	24.42209077466069	1986.1355884075165	24.333126531153944	1973.7941896915436	1.59481553	1975.3292741775513	0.0327994108
1993.8769493103027	20.432412433876422	1995.4194927215576	20.071826976821846	1996.9737372398376	21.9307584334017	1998.5212752819061	24.333036332723786	2000.0625267028809	24.343066399255328	1987.67453622818	1.60674581	1989.2360243797302	0.0328016534
2007.7799320220947	20.469601717176474	2009.326866388321	20.09411724150453	2010.8638315200806	21.973522198600847	2012.4100382328033	24.588542271856475	2013.9516711235046	24.3085461718326	2001.6058316230774	1.59317097	2003.154879808426	0.0328007551
2021.6913561820984	20.48393029400207	2023.2330803871155	20.0892499484478	2024.7777287960052	21.985419184389514	2026.322257757187	24.61619873845868	2027.8544602394104	24.422049540785927	2015.5063829421997	1.61450409	2017.0564322471619	0.032800753
2035.5906748771667	20.474975894293262	2037.1346600055695	20.076102294620668	2038.6855187416077	21.970099141743802	2040.2505371570587	24.86765974278606	2041.7911458015442	24.291617210469962	2029.4004836082458	1.59622385	2030.953245639801	0.0328016492
2049.516893386841	20.448833450363285	2051.0574650764465	20.09796010638262	2052.5971620082855	21.98375273107949	2054.1384258270264	24.791084539436927	2055.678019285202	24.43975693775315	2043.341621875763	1.61209312	2044.8894543647766	0.0328047923
2063.388580083847	20.450650574527742	2064.9232087135315	20.114770329487346	2066.460425376892	21.991039277720738	2068.002204656601	24.552693178071156	2069.5453267097473	24.401566642893915	2057.2299716472626	1.61706929	2058.768714904785	0.0327994171
2077.249848127365	20.45485621504681	2078.789567708969	20.104204429291784	2080.3353056907654	21.971690901877075	2081.868485689163	24.467466254770578	2083.404153585434	24.543533821449284	2071.076744556427	1.59288079	2072.623680830002	0.0328007572
2091.117629289627	20.421283224758767	2092.649918317795	20.114585008286113	2094.18337726593	22.018804879472743	2095.7303042411804	24.79516476317646	2097.2776725292206	24.512293247017418	2084.944842815399	1.60497387	2086.480925798416	0.0327994129
2104.9805026054382	20.452622129056092	2106.5175626277924	20.108701054382223	2108.063157558441	21.999374114711227	2109.5996432304382	24.906585803129957	2111.14449262619	24.264341167599085	2098.8257818222046	1.61628913	2100.3629610538483	0.0327980707
2118.880359172821	20.459447933362	2120.4264249801636	20.128460903429815	2121.963910341263	22.007660009620338	2123.5075697898865	24.965414358570364	2125.0505995750427	24.50644308100484	2112.70233297348	1.60923417	2114.245841741562	0.0327962782
2132.7759449481964	20.464747459964144	2134.3342628479004	20.126803314921084	2135.886020421982	22.015471979427414	2137.448323726654	24.414106870289043	2138.995531320572	24.574488648160244	2126.604085445404	1.59498099	2128.1417520046234	0.0327985167
2146.710832595825	20.466819398529573	2148.244383096695	20.12734383300432	2149.7894427776337	22.03253054968479	2151.3422808647156	24.639144246922697	2152.876396417618	24.25359979248247	2140.535849571228	1.61772422	2142.075679540634	0.0328003049
2160.565237760544	20.47388973356218	2162.1103990077972	20.13065386087051	2163.644622564316	22.028764941576597	2165.182671546936	25.050411161238085	2166.7282071113586	24.308891502975122	2154.4207162857056	1.56761777	2155.9733979701996	0.0327989627
